Probabilities,predicted labels,label
0.6166015,Japan,Japan
0.17255193,Kyrgyz Republic,Mongolia
0.13222247,Argentina,France
0.16323419,United States,United States
0.94295186,United Kingdom,United Kingdom
0.34291735,Ireland,Ireland
0.40919903,Spain,Spain
0.16510442,Sri Lanka,Nigeria
0.91526693,United Kingdom,United Kingdom
0.1357111,Luxembourg,Brazil
0.15604511,Chile,Spain
0.18385284,Indonesia,Brazil
0.39110756,Philippines,Laos
0.5176443,New Zealand,Japan
0.16885404,South Korea,Canada
0.7828312,New Zealand,Australia
0.5303,United States,United States
0.16453782,Japan,Japan
0.19711414,South Africa,Russia
0.9401244,United Kingdom,United Kingdom
0.11654654,Chile,United States
0.3896202,Canada,Canada
0.121607885,Latvia,United States
0.19028677,Bulgaria,Russia
0.22294806,Portugal,Australia
0.4283123,South Africa,Mexico
0.19985214,Latvia,United States
0.69842756,France,France
0.15400632,Japan,Brazil
0.43936735,United Kingdom,United Kingdom
0.3222555,Chile,Argentina
0.14972998,Slovakia,Poland
0.5370366,South Africa,Czechia
0.120502405,Argentina,Argentina
0.29170278,United Kingdom,United Kingdom
0.36238992,France,Spain
0.25347173,South Africa,United States
0.16779518,France,Chile
0.43058857,United Kingdom,United Kingdom
0.079240665,Palestine,Thailand
0.28431424,Mongolia,United States
0.17691056,Sweden,United States
0.31746075,United Kingdom,France
0.15068032,Latvia,Bulgaria
0.09896695,Bangladesh,Japan
0.26218173,Bulgaria,Turkey
0.22575817,France,Latvia
0.5465693,Taiwan,Japan
0.14630908,United States,United States
0.20479704,Netherlands,Ukraine
0.21039744,Argentina,Peru
0.29983425,Latvia,Poland
0.79107517,France,France
0.3878473,Japan,Japan
0.33997843,South Africa,Australia
0.1922872,Canada,United States
0.4995072,Japan,Japan
0.12128219,Italy,Italy
0.25154126,Japan,Canada
0.21799415,Belgium,Belgium
0.25302002,Uruguay,Brazil
0.12489716,Argentina,Japan
0.09618061,Japan,United States
0.5332489,South Korea,Japan
0.15196936,Russia,Russia
0.17020895,Norway,Norway
0.5664596,New Zealand,Australia
0.18428569,Australia,Brazil
0.116745025,New Zealand,France
0.06814782,Slovakia,United States
0.5243544,Bangladesh,India
0.9103604,France,France
0.13866197,Italy,Greece
0.18531546,United States,United States
0.26912832,South Korea,France
0.20948386,Dominican Republic,Thailand
0.6126726,United Kingdom,Belgium
0.20950463,Slovakia,Switzerland
0.16332904,Netherlands,Russia
0.21522924,United Kingdom,Argentina
0.45953277,Philippines,Japan
0.32447505,Canada,United States
0.5748174,Australia,Australia
0.13220409,Estonia,Russia
0.27856785,Slovakia,Russia
0.6139369,South Africa,South Africa
0.40173516,United Kingdom,New Zealand
0.1520241,Costa Rica,Thailand
0.45263976,Singapore,Singapore
0.683728,Japan,Japan
0.25276366,Belgium,United States
0.81825376,Italy,Croatia
0.090036355,Lithuania,France
0.16671233,Kyrgyz Republic,Romania
0.28655672,Dominican Republic,Mexico
0.38695183,Chile,Brazil
0.2929918,Finland,Norway
0.077183366,Switzerland,France
0.11153372,France,Germany
0.16528176,South Korea,Sri Lanka
0.15103938,Dominican Republic,South Africa
0.2610319,France,France
0.90648526,Japan,Japan
0.17293814,United States,United States
0.33698875,Indonesia,Thailand
0.5269661,Netherlands,Japan
0.12104079,Slovakia,France
0.43655416,United Kingdom,United Kingdom
0.2616979,Netherlands,Belgium
0.5917994,Ireland,Taiwan
0.6022768,Finland,Finland
0.2630862,Sweden,France
0.55421406,Ireland,United Kingdom
0.71034384,Malaysia,Malaysia
0.23188674,Bulgaria,Argentina
0.22928472,South Africa,Ghana
0.67923194,Netherlands,Netherlands
0.22614527,Malaysia,Brazil
0.13085788,Hungary,Thailand
0.3022706,South Africa,Ghana
0.30582783,Puerto Rico,Japan
0.22721517,United Kingdom,Japan
0.4816704,Japan,Japan
0.24457216,Slovakia,Turkey
0.122944884,New Zealand,Malaysia
0.20483069,Sweden,Portugal
0.59755105,United Kingdom,United Kingdom
0.81037277,Philippines,Philippines
0.14689592,Brazil,Brazil
0.32581455,Slovakia,Romania
0.7915583,United Kingdom,United Kingdom
0.16474964,Finland,Argentina
0.080948494,Japan,Greece
0.17061998,Canada,United States
0.30621958,Portugal,France
0.26209572,Lesotho,Turkey
0.30846068,Russia,Russia
0.09417863,South Korea,Bulgaria
0.7425382,Ireland,United Kingdom
0.12668066,Belgium,Hungary
0.11164316,Lithuania,Japan
0.124719076,Luxembourg,Switzerland
0.40346962,Netherlands,Russia
0.17327464,United States,United States
0.4540317,Chile,Argentina
0.13501194,France,Japan
0.25542426,South Africa,France
0.40587875,Philippines,Taiwan
0.6572004,Mongolia,Russia
0.18446925,Dominican Republic,Colombia
0.7724017,Ireland,United Kingdom
0.18988244,Dominican Republic,Argentina
0.482652,New Zealand,Australia
0.26416916,United States,United States
0.93184227,United Kingdom,United Kingdom
0.43387857,Japan,Japan
0.13879758,United Kingdom,Japan
0.272921,Dominican Republic,Brazil
0.39545038,Sri Lanka,Singapore
0.93836987,United Kingdom,United Kingdom
0.35748744,Russia,Russia
0.30849582,United States,United States
0.06721783,Latvia,United States
0.1680857,Slovakia,Belgium
0.2435159,Luxembourg,Germany
0.37067202,Singapore,Malaysia
0.1457788,Philippines,Brazil
0.76920855,New Zealand,Australia
0.15713762,Luxembourg,Germany
0.685885,Netherlands,Netherlands
0.18831845,Lesotho,Brazil
0.11404476,Montenegro,Portugal
0.24071181,New Zealand,Japan
0.30933034,South Africa,Australia
0.27460194,Australia,Australia
0.20457388,Russia,Canada
0.17748994,Italy,Czechia
0.34182993,Dominican Republic,Mexico
0.3259892,Japan,France
0.34690905,Latvia,France
0.25333843,Canada,United States
0.59829897,Canada,United States
0.21290196,Mexico,Peru
0.12067235,Hungary,Bulgaria
0.77134424,United Kingdom,United Kingdom
0.67081934,Japan,Japan
0.1966975,Latvia,Poland
0.8942434,Japan,Japan
0.23564067,Malaysia,Malaysia
0.21617207,Sweden,France
0.2886043,Malta,Israel
0.15641037,Canada,South Africa
0.2622268,Spain,Turkey
0.5269944,Cambodia,Thailand
0.9461563,United Kingdom,United Kingdom
0.123236716,Belgium,Finland
0.28010508,Indonesia,Thailand
0.17848852,Philippines,Brazil
0.2229712,Slovakia,Norway
0.090197526,Bulgaria,Bulgaria
0.23195367,Latvia,Mongolia
0.08482552,Argentina,United States
0.2278513,Netherlands,Netherlands
0.38447183,Slovakia,Czechia
0.14077705,Slovakia,Russia
0.3262964,Japan,Japan
0.57784796,South Africa,Brazil
0.4458156,South Africa,Chile
0.2714074,Belgium,Finland
0.21187574,Dominican Republic,Japan
0.5625213,South Korea,Taiwan
0.21175237,Mongolia,Argentina
0.22355099,New Zealand,Australia
0.35291243,Denmark,Austria
0.65460557,Japan,Japan
0.48007286,Finland,Finland
0.88394386,Japan,Japan
0.10936481,Cambodia,Brazil
0.27912894,South Africa,Greece
0.60861325,Japan,South Korea
0.23579574,Slovakia,Croatia
0.3544696,France,France
0.39361706,South Africa,South Africa
0.17679076,Italy,Taiwan
0.51409453,Philippines,Indonesia
0.28528178,Luxembourg,Czechia
0.5658521,New Zealand,Chile
0.31643623,Canada,United States
0.19662407,Chile,United States
0.1858864,Russia,Russia
0.088761695,Albania,Italy
0.677959,Japan,Japan
0.08298324,Argentina,United States
0.2802657,Netherlands,Italy
0.674491,Singapore,Singapore
0.25629926,Canada,Canada
0.43435842,Italy,Italy
0.18031779,Slovakia,United States
0.37593132,Uganda,Kenya
0.3350928,Australia,Australia
0.7976356,New Zealand,Australia
0.78745276,Japan,Japan
0.32458284,New Zealand,Canada
0.12997407,Slovakia,Austria
0.37931907,Slovakia,Norway
0.09576595,Latvia,Uruguay
0.9040106,Japan,Japan
0.20855191,Romania,Hungary
0.118126675,Denmark,Japan
0.32826355,United Kingdom,United Kingdom
0.2974433,France,France
0.1328894,United Kingdom,Mexico
0.15958649,Argentina,Canada
0.11189623,Sweden,United States
0.08963748,Canada,Japan
0.13860458,Latvia,Poland
0.16880596,Belgium,Germany
0.4327002,Puerto Rico,Brazil
0.2484974,Philippines,South Africa
0.40397075,Singapore,United States
0.2027103,Netherlands,Netherlands
0.32069874,Latvia,Russia
0.12640603,Chile,Chile
0.13491087,France,United States
0.10701481,Sweden,North Macedonia
0.63268375,Norway,Norway
0.23104444,United Kingdom,United Kingdom
0.9700188,Japan,Japan
0.10140253,South Africa,Brazil
0.23292781,Israel,Jordan
0.10078035,Canada,Canada
0.44536853,Cambodia,India
0.5722891,South Africa,Japan
0.30677572,Chile,Peru
0.31041467,United Kingdom,United Kingdom
0.7971831,New Zealand,New Zealand
0.33474162,United Kingdom,France
0.11409411,Bulgaria,Spain
0.2453776,Latvia,Poland
0.5324677,Malaysia,Singapore
0.22376885,Chile,Canada
0.1283365,Slovakia,Czechia
0.6854457,Netherlands,Netherlands
0.102902554,Botswana,Australia
0.22219028,Thailand,Laos
0.21474302,Belgium,France
0.60144264,South Africa,Italy
0.19622758,South Korea,India
0.5198952,Luxembourg,France
0.35625783,Finland,Norway
0.52287954,Russia,Russia
0.3904215,Australia,Cambodia
0.15442455,Chile,United States
0.10329518,United States,United States
0.2809553,Philippines,Japan
0.82269573,Ireland,United Kingdom
0.08881973,Slovakia,Hungary
0.58757067,Australia,Australia
0.7366176,South Africa,South Africa
0.13352178,United States,United States
0.23811087,Luxembourg,France
0.21312976,Italy,Austria
0.12756135,Italy,United States
0.40256,South Korea,Japan
0.7129947,South Africa,Botswana
0.15211287,Ireland,Sweden
0.50290436,United Kingdom,Ireland
0.42787078,South Africa,Brazil
0.25949064,Portugal,Spain
0.64238757,New Zealand,Australia
0.2546822,Dominican Republic,Mexico
0.16252248,Russia,Mongolia
0.21227996,South Africa,South Africa
0.16687578,Bulgaria,France
0.19269896,Belgium,United States
0.24465491,Dominican Republic,Australia
0.564713,Russia,Russia
0.28527135,Finland,Russia
0.3919377,Australia,Australia
0.34296778,Portugal,Spain
0.73060614,South Africa,South Africa
0.37657312,Finland,Poland
0.50160706,United Kingdom,United Kingdom
0.14780173,South Africa,Croatia
0.2703198,Chile,Spain
0.15107149,Japan,Belgium
0.23664223,Luxembourg,United States
0.117750295,Slovakia,Sweden
0.10800511,Chile,Spain
0.28018856,Cambodia,Brazil
0.28671974,Russia,Russia
0.18092811,France,France
0.37030712,Italy,Bolivia
0.33343858,Latvia,Russia
0.48669088,Russia,Russia
0.7495874,South Korea,South Korea
0.42047384,Australia,Australia
0.627622,Ireland,Ireland
0.47314334,New Zealand,United States
0.6166111,Japan,Japan
0.30547866,Chile,Mexico
0.5029674,Finland,Finland
0.15323114,New Zealand,Norway
0.16722335,Slovakia,France
0.66134655,Japan,Japan
0.21005416,Sweden,Austria
0.766606,Finland,Finland
0.30175236,Chile,Bulgaria
0.14618851,Latvia,Lithuania
0.2648102,Malta,Israel
0.14777978,Latvia,Poland
0.24530242,United States,United States
0.24778657,United States,United States
0.09929455,Sweden,Portugal
0.4224629,United Kingdom,Bulgaria
0.83119553,France,France
0.48679414,Finland,Denmark
0.7279958,New Zealand,New Zealand
0.22966893,Cambodia,Taiwan
0.10735484,Luxembourg,United Kingdom
0.38465914,Taiwan,Taiwan
0.33926874,Switzerland,Switzerland
0.18958141,Latvia,Finland
0.25543594,United States,United States
0.20305975,Sweden,United States
0.0883619,Argentina,Indonesia
0.21539535,Argentina,Argentina
0.7459021,United Kingdom,United Kingdom
0.16457367,Japan,Japan
0.20145266,South Korea,Thailand
0.19959961,Philippines,Belgium
0.085333414,Luxembourg,Romania
0.35992706,Japan,Japan
0.29009497,Tunisia,Spain
0.18252738,Colombia,Brazil
0.18559921,Brazil,Brazil
0.5359441,United Kingdom,United Kingdom
0.3301954,Canada,United States
0.3252979,Mongolia,Uruguay
0.17614101,United States,United States
0.23633924,Spain,Spain
0.14950353,Canada,United States
0.20594035,Chile,Chile
0.38966012,Russia,Argentina
0.11070774,Philippines,Japan
0.61630684,Russia,Russia
0.15425403,Slovakia,United States
0.15425783,Italy,Peru
0.2686052,Chile,Colombia
0.15053412,Lithuania,Malaysia
0.31240046,Netherlands,Germany
0.25863296,Philippines,Sri Lanka
0.2543444,Norway,Norway
0.33246362,United States,United States
0.41487646,Botswana,South Africa
0.34686068,New Zealand,United States
0.21431866,Italy,Italy
0.060433272,Lesotho,India
0.5524579,New Zealand,Australia
0.19508901,Italy,France
0.46025643,Mongolia,Mexico
0.938769,Ireland,Ireland
0.26471004,Brazil,Portugal
0.1390143,United Kingdom,Russia
0.3925566,Lesotho,South Africa
0.21175008,Canada,United States
0.4150721,United Kingdom,Australia
0.16009898,Canada,United States
0.14634965,Germany,Germany
0.10267399,Hungary,Russia
0.19201976,Dominican Republic,United States
0.41588977,Canada,Russia
0.08809478,Malaysia,Mexico
0.1355329,Philippines,Brazil
0.8100634,United Kingdom,United Kingdom
0.097410224,United Kingdom,Japan
0.27568263,Russia,Russia
0.5166576,France,France
0.15732843,Eswatini,Brazil
0.52673864,Singapore,Singapore
0.16868702,Uruguay,Argentina
0.25080815,Ireland,Colombia
0.23981822,Portugal,France
0.17641057,United Kingdom,Australia
0.17209123,United States,United States
0.18971969,Puerto Rico,Colombia
0.36610162,New Zealand,New Zealand
0.14901894,Finland,Russia
0.35154665,Italy,Japan
0.1641198,Canada,Canada
0.50473416,Ireland,Italy
0.31775138,Laos,Indonesia
0.17207913,Spain,Italy
0.24092233,Latvia,France
0.17165595,Finland,Russia
0.26509967,United States,United States
0.2991232,Mongolia,France
0.31820953,South Korea,Japan
0.17376378,Lithuania,Serbia
0.2783906,Japan,Japan
0.3651487,United Kingdom,United Kingdom
0.16622193,Finland,Iceland
0.15736549,Sweden,Poland
0.21510936,Belgium,Croatia
0.61039037,Finland,Russia
0.4143961,Botswana,Brazil
0.4790711,Finland,Finland
0.6014151,Japan,Japan
0.19058754,Costa Rica,Taiwan
0.08381082,Dominican Republic,United States
